{
 "age_proba": {
  "0-8": 0.014440007507801056,
  "9-16": 0.04504617676138878,
  "17-24": 0.25492650270462036,
  "25-32": 0.25537821650505066,
  "33-40": 0.2211289405822754,
  "41-48": 0.10503895580768585,
  "49-56": 0.06698208302259445,
  "57-64": 0.02147703617811203,
  "65-72": 0.008945879526436329,
  "73+": 0.006636365316808224
 },
 "age_estimated": 24,
 "sex_proba": {
  "male": 0.8658424615859985,
  "female": 0.13415764272212982
 },
 "race_proba": {
  "White": 0.540785551071167,
  "Black": 0.06471044570207596,
  "Asian": 0.20070044696331024,
  "Indian": 0.09509618580341339,
  "Others(e.g. Hispanic, Latino, Arabic)": 0.09870743006467819
 },
 "attr_proba": {
  "5_o_clock_shadow": 0.15397417545318604,
  "arched_eyebrows": 0.13574287295341492,
  "attractive": 0.24040094017982483,
  "bags_under_eyes": 0.31865882873535156,
  "bald": 0.005191236734390259,
  "bangs": 0.41575926542282104,
  "big_lips": 0.22083446383476257,
  "big_nose": 0.4108525216579437,
  "black_hair": 0.2908104658126831,
  "blond_hair": 0.013180196285247803,
  "blurry": 0.013425856828689575,
  "brown_hair": 0.07424759864807129,
  "bushy_eyebrows": 0.42413732409477234,
  "chubby": 0.0799742341041565,
  "double_chin": 0.025054931640625,
  "eyeglasses": 0.0024129152297973633,
  "goatee": 0.010104358196258545,
  "gray_hair": 0.01444736123085022,
  "heavy_makeup": 0.026877403259277344,
  "high_cheekbones": 0.060382723808288574,
  "male": 0.9932715892791748,
  "mouth_slightly_open": 0.09557947516441345,
  "mustache": 0.02907434105873108,
  "narrow_eyes": 0.10854542255401611,
  "no_beard": 0.9237909317016602,
  "oval_face": 0.16553184390068054,
  "pale_skin": 0.0254632830619812,
  "pointy_nose": 0.15264973044395447,
  "receding_hairline": 0.015930145978927612,
  "rosy_cheeks": 0.008690029382705688,
  "sideburns": 0.008022099733352661,
  "smiling": 0.041379451751708984,
  "straight_hair": 0.23807719349861145,
  "wavy_hair": 0.18785318732261658,
  "wearing_earrings": 0.03341683745384216,
  "wearing_hat": 0.4413836598396301,
  "wearing_lipstick": 0.028103798627853394,
  "wearing_necklace": 0.04598692059516907,
  "wearing_necktie": 0.08790653944015503,
  "young": 0.8143308758735657
 },
 "emotion_estimated": "fear",
 "emotion_proba": {
  "angry": 0.017765367403626442,
  "contempt": 0.06538104265928268,
  "disgust": 0.0700172707438469,
  "fear": 0.48616623878479004,
  "happy": 0.003320374060422182,
  "neutral": 0.047026075422763824,
  "sad": 0.05410531908273697,
  "surprise": 0.2562183737754822
 }
}