{
 "age_proba": {
  "0-8": 0.006742417812347412,
  "9-16": 0.04035091772675514,
  "17-24": 0.09544001519680023,
  "25-32": 0.28909623622894287,
  "33-40": 0.255881130695343,
  "41-48": 0.18148745596408844,
  "49-56": 0.07061022520065308,
  "57-64": 0.03642228990793228,
  "65-72": 0.014645068906247616,
  "73+": 0.009324190206825733
 },
 "age_estimated": 32,
 "sex_proba": {
  "male": 0.8495910167694092,
  "female": 0.15040895342826843
 },
 "race_proba": {
  "White": 0.37526917457580566,
  "Black": 0.08364896476268768,
  "Asian": 0.36216965317726135,
  "Indian": 0.12438835203647614,
  "Others(e.g. Hispanic, Latino, Arabic)": 0.05452375486493111
 },
 "attr_proba": {
  "5_o_clock_shadow": 0.18827196955680847,
  "arched_eyebrows": 0.03164127469062805,
  "attractive": 0.13578090071678162,
  "bags_under_eyes": 0.19478487968444824,
  "bald": 0.0033404529094696045,
  "bangs": 0.21616968512535095,
  "big_lips": 0.1397581696510315,
  "big_nose": 0.25453734397888184,
  "black_hair": 0.21744433045387268,
  "blond_hair": 0.0023908615112304688,
  "blurry": 0.0979318618774414,
  "brown_hair": 0.21237778663635254,
  "bushy_eyebrows": 0.08403006196022034,
  "chubby": 0.04249128699302673,
  "double_chin": 0.01902395486831665,
  "eyeglasses": 0.00884583592414856,
  "goatee": 0.007412165403366089,
  "gray_hair": 0.010951071977615356,
  "heavy_makeup": 0.0019885599613189697,
  "high_cheekbones": 0.0837661623954773,
  "male": 0.9985733032226562,
  "mouth_slightly_open": 0.2501007318496704,
  "mustache": 0.012121409177780151,
  "narrow_eyes": 0.188399076461792,
  "no_beard": 0.93073570728302,
  "oval_face": 0.09690263867378235,
  "pale_skin": 0.01382175087928772,
  "pointy_nose": 0.18232667446136475,
  "receding_hairline": 0.01595085859298706,
  "rosy_cheeks": 0.002442657947540283,
  "sideburns": 0.01043015718460083,
  "smiling": 0.05995410680770874,
  "straight_hair": 0.1763152778148651,
  "wavy_hair": 0.2723507583141327,
  "wearing_earrings": 0.009497284889221191,
  "wearing_hat": 0.03881537914276123,
  "wearing_lipstick": 0.0026126205921173096,
  "wearing_necklace": 0.013331741094589233,
  "wearing_necktie": 0.06291267275810242,
  "young": 0.7253667712211609
 },
 "emotion_estimated": "sad",
 "emotion_proba": {
  "angry": 0.07743975520133972,
  "contempt": 0.08063015341758728,
  "disgust": 0.10875262320041656,
  "fear": 0.06500113010406494,
  "happy": 0.0023572782520204782,
  "neutral": 0.1159278154373169,
  "sad": 0.5196425914764404,
  "surprise": 0.03024866431951523
 }
}