{
 "age_proba": {
  "0-8": 0.004987185355275869,
  "9-16": 0.009715626016259193,
  "17-24": 0.05773012340068817,
  "25-32": 0.29556211829185486,
  "33-40": 0.34022608399391174,
  "41-48": 0.16682836413383484,
  "49-56": 0.08261936902999878,
  "57-64": 0.027361469343304634,
  "65-72": 0.00944503117352724,
  "73+": 0.005524643696844578
 },
 "age_estimated": 32,
 "sex_proba": {
  "male": 0.9180647730827332,
  "female": 0.08193524181842804
 },
 "race_proba": {
  "White": 0.20654916763305664,
  "Black": 0.23417721688747406,
  "Asian": 0.3907509744167328,
  "Indian": 0.023546433076262474,
  "Others(e.g. Hispanic, Latino, Arabic)": 0.14497621357440948
 },
 "attr_proba": {
  "5_o_clock_shadow": 0.23572418093681335,
  "arched_eyebrows": 0.09347137808799744,
  "attractive": 0.2883162796497345,
  "bags_under_eyes": 0.2604820430278778,
  "bald": 0.012616366147994995,
  "bangs": 0.06624791026115417,
  "big_lips": 0.16472485661506653,
  "big_nose": 0.2921796143054962,
  "black_hair": 0.3382233679294586,
  "blond_hair": 0.013624995946884155,
  "blurry": 0.027616411447525024,
  "brown_hair": 0.07050833106040955,
  "bushy_eyebrows": 0.29552653431892395,
  "chubby": 0.05211764574050903,
  "double_chin": 0.016298770904541016,
  "eyeglasses": 0.0018660426139831543,
  "goatee": 0.024402081966400146,
  "gray_hair": 0.01018783450126648,
  "heavy_makeup": 0.013729363679885864,
  "high_cheekbones": 0.13681137561798096,
  "male": 0.9959801435470581,
  "mouth_slightly_open": 0.2208860218524933,
  "mustache": 0.0446755588054657,
  "narrow_eyes": 0.124257892370224,
  "no_beard": 0.8043196797370911,
  "oval_face": 0.19502043724060059,
  "pale_skin": 0.03693437576293945,
  "pointy_nose": 0.17079684138298035,
  "receding_hairline": 0.028800994157791138,
  "rosy_cheeks": 0.004586577415466309,
  "sideburns": 0.021681249141693115,
  "smiling": 0.11172443628311157,
  "straight_hair": 0.2469983696937561,
  "wavy_hair": 0.12020432949066162,
  "wearing_earrings": 0.02332720160484314,
  "wearing_hat": 0.17193663120269775,
  "wearing_lipstick": 0.011074572801589966,
  "wearing_necklace": 0.02245849370956421,
  "wearing_necktie": 0.1379670798778534,
  "young": 0.7879528403282166
 },
 "emotion_estimated": "surprise",
 "emotion_proba": {
  "angry": 0.07494775205850601,
  "contempt": 0.07071609795093536,
  "disgust": 0.08510971069335938,
  "fear": 0.23500750958919525,
  "happy": 0.0028007428627461195,
  "neutral": 0.1892738789319992,
  "sad": 0.051133815199136734,
  "surprise": 0.2910104990005493
 }
}