{
 "age_proba": {
  "0-8": 0.030061369761824608,
  "9-16": 0.1250784546136856,
  "17-24": 0.030621357262134552,
  "25-32": 0.15230797231197357,
  "33-40": 0.17897920310497284,
  "41-48": 0.17395003139972687,
  "49-56": 0.080376036465168,
  "57-64": 0.10516858100891113,
  "65-72": 0.0767882764339447,
  "73+": 0.04666866362094879
 },
 "age_estimated": 40,
 "sex_proba": {
  "male": 0.8648451566696167,
  "female": 0.13515497744083405
 },
 "race_proba": {
  "White": 0.028094608336687088,
  "Black": 0.052651770412921906,
  "Asian": 0.8964675068855286,
  "Indian": 0.012935701757669449,
  "Others(e.g. Hispanic, Latino, Arabic)": 0.009850329719483852
 },
 "attr_proba": {
  "5_o_clock_shadow": 0.016756564378738403,
  "arched_eyebrows": 0.06622177362442017,
  "attractive": 0.09883254766464233,
  "bags_under_eyes": 0.20739734172821045,
  "bald": 0.004973560571670532,
  "bangs": 0.08494189381599426,
  "big_lips": 0.15791121125221252,
  "big_nose": 0.3380559980869293,
  "black_hair": 0.40342575311660767,
  "blond_hair": 0.002891242504119873,
  "blurry": 0.027756989002227783,
  "brown_hair": 0.07279473543167114,
  "bushy_eyebrows": 0.06076577305793762,
  "chubby": 0.18039312958717346,
  "double_chin": 0.0651203989982605,
  "eyeglasses": 0.2702569365501404,
  "goatee": 0.007888972759246826,
  "gray_hair": 0.007941186428070068,
  "heavy_makeup": 0.011287719011306763,
  "high_cheekbones": 0.41230207681655884,
  "male": 0.9751302003860474,
  "mouth_slightly_open": 0.7399502992630005,
  "mustache": 0.00830957293510437,
  "narrow_eyes": 0.13277623057365417,
  "no_beard": 0.9803484678268433,
  "oval_face": 0.12871253490447998,
  "pale_skin": 0.030348777770996094,
  "pointy_nose": 0.05121603608131409,
  "receding_hairline": 0.03329452872276306,
  "rosy_cheeks": 0.003476738929748535,
  "sideburns": 0.0028111636638641357,
  "smiling": 0.36742472648620605,
  "straight_hair": 0.3246920704841614,
  "wavy_hair": 0.089395672082901,
  "wearing_earrings": 0.03652492165565491,
  "wearing_hat": 0.20112484693527222,
  "wearing_lipstick": 0.03181573748588562,
  "wearing_necklace": 0.03231528401374817,
  "wearing_necktie": 0.09962111711502075,
  "young": 0.6218323111534119
 },
 "emotion_estimated": "happy",
 "emotion_proba": {
  "angry": 0.053418826311826706,
  "contempt": 0.167692631483078,
  "disgust": 0.19913232326507568,
  "fear": 0.07691038399934769,
  "happy": 0.33776044845581055,
  "neutral": 0.044049449265003204,
  "sad": 0.017650127410888672,
  "surprise": 0.1033858209848404
 }
}