{
 "age_proba": {
  "0-8": 0.008433192037045956,
  "9-16": 0.011892483569681644,
  "17-24": 0.020011186599731445,
  "25-32": 0.09997475892305374,
  "33-40": 0.12629780173301697,
  "41-48": 0.16865836083889008,
  "49-56": 0.15667983889579773,
  "57-64": 0.13501493632793427,
  "65-72": 0.05290233716368675,
  "73+": 0.2201351374387741
 },
 "age_estimated": 74,
 "sex_proba": {
  "male": 0.9126626253128052,
  "female": 0.08733728528022766
 },
 "race_proba": {
  "White": 0.07897250354290009,
  "Black": 0.34350690245628357,
  "Asian": 0.10149756073951721,
  "Indian": 0.43574362993240356,
  "Others(e.g. Hispanic, Latino, Arabic)": 0.04027947410941124
 },
 "attr_proba": {
  "5_o_clock_shadow": 0.0678507387638092,
  "arched_eyebrows": 0.056009262800216675,
  "attractive": 0.11381524801254272,
  "bags_under_eyes": 0.418201208114624,
  "bald": 0.016665905714035034,
  "bangs": 0.33973225951194763,
  "big_lips": 0.16010665893554688,
  "big_nose": 0.671626091003418,
  "black_hair": 0.18423116207122803,
  "blond_hair": 0.0006433725357055664,
  "blurry": 0.033439964056015015,
  "brown_hair": 0.21414893865585327,
  "bushy_eyebrows": 0.1454448103904724,
  "chubby": 0.1624789535999298,
  "double_chin": 0.10283872485160828,
  "eyeglasses": 0.02860519289970398,
  "goatee": 0.036712825298309326,
  "gray_hair": 0.034229278564453125,
  "heavy_makeup": 0.010859757661819458,
  "high_cheekbones": 0.18550485372543335,
  "male": 0.9975326061248779,
  "mouth_slightly_open": 0.1741173267364502,
  "mustache": 0.1282658874988556,
  "narrow_eyes": 0.0693536102771759,
  "no_beard": 0.714957594871521,
  "oval_face": 0.1495930552482605,
  "pale_skin": 0.00519639253616333,
  "pointy_nose": 0.1311182975769043,
  "receding_hairline": 0.03940346837043762,
  "rosy_cheeks": 0.005053073167800903,
  "sideburns": 0.04512232542037964,
  "smiling": 0.10588851571083069,
  "straight_hair": 0.11347165703773499,
  "wavy_hair": 0.27106958627700806,
  "wearing_earrings": 0.01753517985343933,
  "wearing_hat": 0.09152430295944214,
  "wearing_lipstick": 0.013832390308380127,
  "wearing_necklace": 0.015574544668197632,
  "wearing_necktie": 0.11563116312026978,
  "young": 0.32156291604042053
 },
 "emotion_estimated": "sad",
 "emotion_proba": {
  "angry": 0.04093562066555023,
  "contempt": 0.12190204858779907,
  "disgust": 0.1284017562866211,
  "fear": 0.0826517716050148,
  "happy": 0.03542567789554596,
  "neutral": 0.004972174298018217,
  "sad": 0.5707635879516602,
  "surprise": 0.0149474386125803
 }
}