{
 "age_proba": {
  "0-8": 0.015118262730538845,
  "9-16": 0.03838095813989639,
  "17-24": 0.0963122621178627,
  "25-32": 0.38252049684524536,
  "33-40": 0.28295525908470154,
  "41-48": 0.12814627587795258,
  "49-56": 0.0350680910050869,
  "57-64": 0.01421194989234209,
  "65-72": 0.004652766045182943,
  "73+": 0.002633657306432724
 },
 "age_estimated": 31,
 "sex_proba": {
  "male": 0.9094231128692627,
  "female": 0.0905768945813179
 },
 "race_proba": {
  "White": 0.20341856777668,
  "Black": 0.008581239730119705,
  "Asian": 0.7092817425727844,
  "Indian": 0.04949156939983368,
  "Others(e.g. Hispanic, Latino, Arabic)": 0.029226839542388916
 },
 "attr_proba": {
  "5_o_clock_shadow": 0.07287898659706116,
  "arched_eyebrows": 0.09571796655654907,
  "attractive": 0.45388466119766235,
  "bags_under_eyes": 0.23206108808517456,
  "bald": 0.0057870447635650635,
  "bangs": 0.020660430192947388,
  "big_lips": 0.16770261526107788,
  "big_nose": 0.25226694345474243,
  "black_hair": 0.5352380871772766,
  "blond_hair": 0.007959425449371338,
  "blurry": 0.0043270885944366455,
  "brown_hair": 0.08357548713684082,
  "bushy_eyebrows": 0.29732292890548706,
  "chubby": 0.04152688384056091,
  "double_chin": 0.013629168272018433,
  "eyeglasses": 0.009325683116912842,
  "goatee": 0.0014023184776306152,
  "gray_hair": 0.012211918830871582,
  "heavy_makeup": 0.009092718362808228,
  "high_cheekbones": 0.18873637914657593,
  "male": 0.9982366561889648,
  "mouth_slightly_open": 0.49275627732276917,
  "mustache": 0.0063956379890441895,
  "narrow_eyes": 0.15087294578552246,
  "no_beard": 0.9921308755874634,
  "oval_face": 0.28878873586654663,
  "pale_skin": 0.0519428551197052,
  "pointy_nose": 0.14891040325164795,
  "receding_hairline": 0.046485453844070435,
  "rosy_cheeks": 0.002966582775115967,
  "sideburns": 0.0006594359874725342,
  "smiling": 0.18242406845092773,
  "straight_hair": 0.6070159673690796,
  "wavy_hair": 0.07804995775222778,
  "wearing_earrings": 0.019030869007110596,
  "wearing_hat": 0.0040280818939208984,
  "wearing_lipstick": 0.009108960628509521,
  "wearing_necklace": 0.009148240089416504,
  "wearing_necktie": 0.29420679807662964,
  "young": 0.8810862898826599
 },
 "emotion_estimated": "neutral",
 "emotion_proba": {
  "angry": 0.12138837575912476,
  "contempt": 0.22270968556404114,
  "disgust": 0.16144521534442902,
  "fear": 0.07084959000349045,
  "happy": 0.02518673986196518,
  "neutral": 0.2937488853931427,
  "sad": 0.058347638696432114,
  "surprise": 0.04632384330034256
 }
}