{
 "age_proba": {
  "0-8": 0.005697690881788731,
  "9-16": 0.04175621643662453,
  "17-24": 0.13244986534118652,
  "25-32": 0.2649955451488495,
  "33-40": 0.2647783160209656,
  "41-48": 0.14197854697704315,
  "49-56": 0.084400974214077,
  "57-64": 0.033974867314100266,
  "65-72": 0.01930142752826214,
  "73+": 0.010666477493941784
 },
 "age_estimated": 32,
 "sex_proba": {
  "male": 0.8797537684440613,
  "female": 0.12024600058794022
 },
 "race_proba": {
  "White": 0.45718061923980713,
  "Black": 0.2920043468475342,
  "Asian": 0.08180414885282516,
  "Indian": 0.07619684934616089,
  "Others(e.g. Hispanic, Latino, Arabic)": 0.09281384944915771
 },
 "attr_proba": {
  "5_o_clock_shadow": 0.11094766855239868,
  "arched_eyebrows": 0.010313600301742554,
  "attractive": 0.06151506304740906,
  "bags_under_eyes": 0.03869941830635071,
  "bald": 0.009068727493286133,
  "bangs": 0.028621375560760498,
  "big_lips": 0.15637537837028503,
  "big_nose": 0.23335060477256775,
  "black_hair": 0.06503221392631531,
  "blond_hair": 0.00616222620010376,
  "blurry": 0.029824525117874146,
  "brown_hair": 0.07328745722770691,
  "bushy_eyebrows": 0.015508055686950684,
  "chubby": 0.08543890714645386,
  "double_chin": 0.02760198712348938,
  "eyeglasses": 0.9593414068222046,
  "goatee": 0.01114565134048462,
  "gray_hair": 0.00790664553642273,
  "heavy_makeup": 0.0008511245250701904,
  "high_cheekbones": 0.07874774932861328,
  "male": 0.9991006255149841,
  "mouth_slightly_open": 0.8110504150390625,
  "mustache": 0.010730385780334473,
  "narrow_eyes": 0.05711522698402405,
  "no_beard": 0.8808096051216125,
  "oval_face": 0.11905640363693237,
  "pale_skin": 0.01337975263595581,
  "pointy_nose": 0.06088855862617493,
  "receding_hairline": 0.015636920928955078,
  "rosy_cheeks": 0.0007008016109466553,
  "sideburns": 0.005700409412384033,
  "smiling": 0.12046277523040771,
  "straight_hair": 0.15138062834739685,
  "wavy_hair": 0.05536007881164551,
  "wearing_earrings": 0.009444355964660645,
  "wearing_hat": 0.7711578607559204,
  "wearing_lipstick": 0.0008527934551239014,
  "wearing_necklace": 0.018993258476257324,
  "wearing_necktie": 0.04038935899734497,
  "young": 0.7955165505409241
 },
 "emotion_estimated": "neutral",
 "emotion_proba": {
  "angry": 0.05095159634947777,
  "contempt": 0.07613682001829147,
  "disgust": 0.12040945887565613,
  "fear": 0.15507203340530396,
  "happy": 0.008999401703476906,
  "neutral": 0.3082146942615509,
  "sad": 0.0854959636926651,
  "surprise": 0.19471998512744904
 }
}