{
 "age_proba": {
  "0-8": 0.0017968257889151573,
  "9-16": 0.08856099843978882,
  "17-24": 0.04068231210112572,
  "25-32": 0.14614133536815643,
  "33-40": 0.4194020926952362,
  "41-48": 0.24893078207969666,
  "49-56": 0.03119947388768196,
  "57-64": 0.014809537678956985,
  "65-72": 0.006749075371772051,
  "73+": 0.0017273641424253583
 },
 "age_estimated": 39,
 "sex_proba": {
  "male": 0.9863814115524292,
  "female": 0.013618208467960358
 },
 "race_proba": {
  "White": 0.006138418335467577,
  "Black": 0.0008882186957634985,
  "Asian": 0.9895488619804382,
  "Indian": 0.001749623566865921,
  "Others(e.g. Hispanic, Latino, Arabic)": 0.001674415310844779
 },
 "attr_proba": {
  "5_o_clock_shadow": 0.06811913847923279,
  "arched_eyebrows": 0.15640592575073242,
  "attractive": 0.5000725984573364,
  "bags_under_eyes": 0.5969662070274353,
  "bald": 0.005150169134140015,
  "bangs": 0.06005093455314636,
  "big_lips": 0.08614444732666016,
  "big_nose": 0.5581659078598022,
  "black_hair": 0.9315477609634399,
  "blond_hair": 0.0026085078716278076,
  "blurry": 0.003606170415878296,
  "brown_hair": 0.0344691276550293,
  "bushy_eyebrows": 0.7623311281204224,
  "chubby": 0.08733317255973816,
  "double_chin": 0.02809607982635498,
  "eyeglasses": 0.001153707504272461,
  "goatee": 0.02031397819519043,
  "gray_hair": 0.0034176409244537354,
  "heavy_makeup": 0.0011627376079559326,
  "high_cheekbones": 0.6953080892562866,
  "male": 0.9996904134750366,
  "mouth_slightly_open": 0.46530500054359436,
  "mustache": 0.016203880310058594,
  "narrow_eyes": 0.21614718437194824,
  "no_beard": 0.9588111639022827,
  "oval_face": 0.18495088815689087,
  "pale_skin": 0.005925685167312622,
  "pointy_nose": 0.09544047713279724,
  "receding_hairline": 0.051880449056625366,
  "rosy_cheeks": 0.0032494962215423584,
  "sideburns": 0.00640830397605896,
  "smiling": 0.764889121055603,
  "straight_hair": 0.6970959305763245,
  "wavy_hair": 0.08263367414474487,
  "wearing_earrings": 0.011033713817596436,
  "wearing_hat": 0.004054337739944458,
  "wearing_lipstick": 0.003472745418548584,
  "wearing_necklace": 0.009585916996002197,
  "wearing_necktie": 0.2047000229358673,
  "young": 0.7667480707168579
 },
 "emotion_estimated": "contempt",
 "emotion_proba": {
  "angry": 0.015564268454909325,
  "contempt": 0.4948725402355194,
  "disgust": 0.11291736364364624,
  "fear": 0.06489875912666321,
  "happy": 0.2624010741710663,
  "neutral": 0.003553134622052312,
  "sad": 0.017763707786798477,
  "surprise": 0.028029246255755424
 }
}