{
 "age_proba": {
  "0-8": 0.04683650657534599,
  "9-16": 0.40086379647254944,
  "17-24": 0.08451718091964722,
  "25-32": 0.14032752811908722,
  "33-40": 0.21331705152988434,
  "41-48": 0.08213479816913605,
  "49-56": 0.02174444869160652,
  "57-64": 0.0053995633497834206,
  "65-72": 0.0027295900508761406,
  "73+": 0.0021295826882123947
 },
 "age_estimated": 13,
 "sex_proba": {
  "male": 0.963979959487915,
  "female": 0.03602025285363197
 },
 "race_proba": {
  "White": 0.06772370636463165,
  "Black": 0.011124157346785069,
  "Asian": 0.7878618240356445,
  "Indian": 0.03162483870983124,
  "Others(e.g. Hispanic, Latino, Arabic)": 0.10166575014591217
 },
 "attr_proba": {
  "5_o_clock_shadow": 0.4114583730697632,
  "arched_eyebrows": 0.17036396265029907,
  "attractive": 0.6226808428764343,
  "bags_under_eyes": 0.42168429493904114,
  "bald": 0.004368811845779419,
  "bangs": 0.13546469807624817,
  "big_lips": 0.2169480323791504,
  "big_nose": 0.5134965777397156,
  "black_hair": 0.8983060121536255,
  "blond_hair": 0.0028829574584960938,
  "blurry": 0.0003820955753326416,
  "brown_hair": 0.021197915077209473,
  "bushy_eyebrows": 0.8604536056518555,
  "chubby": 0.032709747552871704,
  "double_chin": 0.011755794286727905,
  "eyeglasses": 0.0006262063980102539,
  "goatee": 0.006253451108932495,
  "gray_hair": 0.0022711753845214844,
  "heavy_makeup": 0.004355639219284058,
  "high_cheekbones": 0.1650184690952301,
  "male": 0.9997091293334961,
  "mouth_slightly_open": 0.20528411865234375,
  "mustache": 0.021086037158966064,
  "narrow_eyes": 0.08659335970878601,
  "no_beard": 0.9265966415405273,
  "oval_face": 0.21855220198631287,
  "pale_skin": 0.007921308279037476,
  "pointy_nose": 0.19884514808654785,
  "receding_hairline": 0.0243435800075531,
  "rosy_cheeks": 0.004650235176086426,
  "sideburns": 0.0038039684295654297,
  "smiling": 0.17770501971244812,
  "straight_hair": 0.6867095232009888,
  "wavy_hair": 0.07918652892112732,
  "wearing_earrings": 0.015064150094985962,
  "wearing_hat": 0.002205401659011841,
  "wearing_lipstick": 0.004341989755630493,
  "wearing_necklace": 0.0075931549072265625,
  "wearing_necktie": 0.3966289758682251,
  "young": 0.9019860029220581
 },
 "emotion_estimated": "contempt",
 "emotion_proba": {
  "angry": 0.015253416262567043,
  "contempt": 0.3462197184562683,
  "disgust": 0.11952254921197891,
  "fear": 0.0736781507730484,
  "happy": 0.20577311515808105,
  "neutral": 0.155080646276474,
  "sad": 0.02212229184806347,
  "surprise": 0.062350109219551086
 }
}