{
 "age_proba": {
  "0-8": 0.030644739046692848,
  "9-16": 0.05626844987273216,
  "17-24": 0.11389239877462387,
  "25-32": 0.3491678237915039,
  "33-40": 0.178143709897995,
  "41-48": 0.1111082136631012,
  "49-56": 0.06727900356054306,
  "57-64": 0.04705549776554108,
  "65-72": 0.024936925619840622,
  "73+": 0.021503211930394173
 },
 "age_estimated": 31,
 "sex_proba": {
  "male": 0.6969109177589417,
  "female": 0.30308911204338074
 },
 "race_proba": {
  "White": 0.19952934980392456,
  "Black": 0.12137165665626526,
  "Asian": 0.6410810351371765,
  "Indian": 0.024449732154607773,
  "Others(e.g. Hispanic, Latino, Arabic)": 0.013567937538027763
 },
 "attr_proba": {
  "5_o_clock_shadow": 0.03348192572593689,
  "arched_eyebrows": 0.08593103289604187,
  "attractive": 0.15225711464881897,
  "bags_under_eyes": 0.3141185939311981,
  "bald": 0.013822793960571289,
  "bangs": 0.43381235003471375,
  "big_lips": 0.2170153558254242,
  "big_nose": 0.3892360329627991,
  "black_hair": 0.33132660388946533,
  "blond_hair": 0.01442822813987732,
  "blurry": 0.11148199439048767,
  "brown_hair": 0.053180158138275146,
  "bushy_eyebrows": 0.20882070064544678,
  "chubby": 0.1164141595363617,
  "double_chin": 0.06008508801460266,
  "eyeglasses": 0.07473817467689514,
  "goatee": 0.019155383110046387,
  "gray_hair": 0.013421326875686646,
  "heavy_makeup": 0.06063827872276306,
  "high_cheekbones": 0.3641519546508789,
  "male": 0.7629672884941101,
  "mouth_slightly_open": 0.4716121554374695,
  "mustache": 0.026999831199645996,
  "narrow_eyes": 0.2163180410861969,
  "no_beard": 0.9500514268875122,
  "oval_face": 0.14876466989517212,
  "pale_skin": 0.12052398920059204,
  "pointy_nose": 0.13131842017173767,
  "receding_hairline": 0.027118295431137085,
  "rosy_cheeks": 0.008799076080322266,
  "sideburns": 0.015308082103729248,
  "smiling": 0.363375723361969,
  "straight_hair": 0.23900669813156128,
  "wavy_hair": 0.12363344430923462,
  "wearing_earrings": 0.04319429397583008,
  "wearing_hat": 0.6617687940597534,
  "wearing_lipstick": 0.08831235766410828,
  "wearing_necklace": 0.07131844758987427,
  "wearing_necktie": 0.060044169425964355,
  "young": 0.6611307859420776
 },
 "emotion_estimated": "angry",
 "emotion_proba": {
  "angry": 0.4540478587150574,
  "contempt": 0.10210458189249039,
  "disgust": 0.20132385194301605,
  "fear": 0.04271755740046501,
  "happy": 0.0032856047619134188,
  "neutral": 0.09205283969640732,
  "sad": 0.07870778441429138,
  "surprise": 0.025759883224964142
 }
}