{
 "age_proba": {
  "0-8": 0.0023841701913625,
  "9-16": 0.012387317605316639,
  "17-24": 0.34670624136924744,
  "25-32": 0.37666043639183044,
  "33-40": 0.17044678330421448,
  "41-48": 0.06675796210765839,
  "49-56": 0.016627155244350433,
  "57-64": 0.004577240440994501,
  "65-72": 0.0016980984946712852,
  "73+": 0.0017546179005876184
 },
 "age_estimated": 24,
 "sex_proba": {
  "male": 0.9392889142036438,
  "female": 0.06071118265390396
 },
 "race_proba": {
  "White": 0.606789231300354,
  "Black": 0.013172691687941551,
  "Asian": 0.19797874987125397,
  "Indian": 0.0052063362672924995,
  "Others(e.g. Hispanic, Latino, Arabic)": 0.1768529862165451
 },
 "attr_proba": {
  "5_o_clock_shadow": 0.2817516326904297,
  "arched_eyebrows": 0.04413941502571106,
  "attractive": 0.4902343153953552,
  "bags_under_eyes": 0.36342597007751465,
  "bald": 0.001457810401916504,
  "bangs": 0.7715086936950684,
  "big_lips": 0.2105112373828888,
  "big_nose": 0.3410155177116394,
  "black_hair": 0.6149783134460449,
  "blond_hair": 0.0034531354904174805,
  "blurry": 0.002083897590637207,
  "brown_hair": 0.10240691900253296,
  "bushy_eyebrows": 0.5568329691886902,
  "chubby": 0.014974325895309448,
  "double_chin": 0.004694849252700806,
  "eyeglasses": 0.0021246671676635742,
  "goatee": 0.0263558030128479,
  "gray_hair": 0.0017909705638885498,
  "heavy_makeup": 0.009081482887268066,
  "high_cheekbones": 0.060362279415130615,
  "male": 0.9971750378608704,
  "mouth_slightly_open": 0.13756823539733887,
  "mustache": 0.0410383939743042,
  "narrow_eyes": 0.1238107979297638,
  "no_beard": 0.7261075377464294,
  "oval_face": 0.16039422154426575,
  "pale_skin": 0.026305794715881348,
  "pointy_nose": 0.1595931351184845,
  "receding_hairline": 0.005011469125747681,
  "rosy_cheeks": 0.0017129778861999512,
  "sideburns": 0.0259706974029541,
  "smiling": 0.0651005208492279,
  "straight_hair": 0.4725428819656372,
  "wavy_hair": 0.13418808579444885,
  "wearing_earrings": 0.010681480169296265,
  "wearing_hat": 0.014401495456695557,
  "wearing_lipstick": 0.009867966175079346,
  "wearing_necklace": 0.017594128847122192,
  "wearing_necktie": 0.1643373668193817,
  "young": 0.9233075976371765
 },
 "emotion_estimated": "angry",
 "emotion_proba": {
  "angry": 0.35935094952583313,
  "contempt": 0.06264664977788925,
  "disgust": 0.15669946372509003,
  "fear": 0.14692653715610504,
  "happy": 0.0029917850624769926,
  "neutral": 0.047415658831596375,
  "sad": 0.03814392909407616,
  "surprise": 0.18582507967948914
 }
}