{
 "age_proba": {
  "0-8": 0.005716687999665737,
  "9-16": 0.04837985709309578,
  "17-24": 0.3349008858203888,
  "25-32": 0.39992785453796387,
  "33-40": 0.14043208956718445,
  "41-48": 0.04706013575196266,
  "49-56": 0.014981298707425594,
  "57-64": 0.004687030799686909,
  "65-72": 0.002512793056666851,
  "73+": 0.0014014458283782005
 },
 "age_estimated": 24,
 "sex_proba": {
  "male": 0.9452048540115356,
  "female": 0.054795488715171814
 },
 "race_proba": {
  "White": 0.1689414232969284,
  "Black": 0.007562604267150164,
  "Asian": 0.6705271601676941,
  "Indian": 0.006027712021023035,
  "Others(e.g. Hispanic, Latino, Arabic)": 0.14694136381149292
 },
 "attr_proba": {
  "5_o_clock_shadow": 0.19203218817710876,
  "arched_eyebrows": 0.06269633769989014,
  "attractive": 0.36913013458251953,
  "bags_under_eyes": 0.29756540060043335,
  "bald": 0.0018139779567718506,
  "bangs": 0.5990254878997803,
  "big_lips": 0.14747583866119385,
  "big_nose": 0.2833403944969177,
  "black_hair": 0.4272773265838623,
  "blond_hair": 0.005936384201049805,
  "blurry": 0.013409823179244995,
  "brown_hair": 0.0630154013633728,
  "bushy_eyebrows": 0.4741281569004059,
  "chubby": 0.020796477794647217,
  "double_chin": 0.0054565370082855225,
  "eyeglasses": 0.0005012750625610352,
  "goatee": 0.010968327522277832,
  "gray_hair": 0.005357086658477783,
  "heavy_makeup": 0.005445510149002075,
  "high_cheekbones": 0.05602061748504639,
  "male": 0.9965426921844482,
  "mouth_slightly_open": 0.10203379392623901,
  "mustache": 0.027105778455734253,
  "narrow_eyes": 0.11582276225090027,
  "no_beard": 0.8896497488021851,
  "oval_face": 0.1665748655796051,
  "pale_skin": 0.04731428623199463,
  "pointy_nose": 0.12327995896339417,
  "receding_hairline": 0.0058096349239349365,
  "rosy_cheeks": 0.0019741952419281006,
  "sideburns": 0.014038830995559692,
  "smiling": 0.036828309297561646,
  "straight_hair": 0.40591150522232056,
  "wavy_hair": 0.12428826093673706,
  "wearing_earrings": 0.015588611364364624,
  "wearing_hat": 0.14732158184051514,
  "wearing_lipstick": 0.006729811429977417,
  "wearing_necklace": 0.019027680158615112,
  "wearing_necktie": 0.07921180129051208,
  "young": 0.916663408279419
 },
 "emotion_estimated": "neutral",
 "emotion_proba": {
  "angry": 0.1993740350008011,
  "contempt": 0.1047767698764801,
  "disgust": 0.15672403573989868,
  "fear": 0.1120472326874733,
  "happy": 0.004946226254105568,
  "neutral": 0.23170152306556702,
  "sad": 0.08729180693626404,
  "surprise": 0.10313834249973297
 }
}