{
 "age_proba": {
  "0-8": 0.023135175928473473,
  "9-16": 0.029168294742703438,
  "17-24": 0.036294300109148026,
  "25-32": 0.05253937840461731,
  "33-40": 0.0948871448636055,
  "41-48": 0.10901420563459396,
  "49-56": 0.17563630640506744,
  "57-64": 0.23620936274528503,
  "65-72": 0.1936413198709488,
  "73+": 0.04947463423013687
 },
 "age_estimated": 64,
 "sex_proba": {
  "male": 0.9614800214767456,
  "female": 0.0385199636220932
 },
 "race_proba": {
  "White": 0.04940864443778992,
  "Black": 0.7856345176696777,
  "Asian": 0.010981149040162563,
  "Indian": 0.15187065303325653,
  "Others(e.g. Hispanic, Latino, Arabic)": 0.0021047929767519236
 },
 "attr_proba": {
  "5_o_clock_shadow": 0.011426061391830444,
  "arched_eyebrows": 0.021282434463500977,
  "attractive": 0.025676041841506958,
  "bags_under_eyes": 0.11361351609230042,
  "bald": 0.020285040140151978,
  "bangs": 0.01104632019996643,
  "big_lips": 0.20664465427398682,
  "big_nose": 0.6709355115890503,
  "black_hair": 0.04953089356422424,
  "blond_hair": 0.001517564058303833,
  "blurry": 0.006388992071151733,
  "brown_hair": 0.018662095069885254,
  "bushy_eyebrows": 0.04475831985473633,
  "chubby": 0.2483164668083191,
  "double_chin": 0.0983571708202362,
  "eyeglasses": 0.34989863634109497,
  "goatee": 0.020056337118148804,
  "gray_hair": 0.04198658466339111,
  "heavy_makeup": 0.0009250342845916748,
  "high_cheekbones": 0.10128417611122131,
  "male": 0.9979142546653748,
  "mouth_slightly_open": 0.18072077631950378,
  "mustache": 0.06012973189353943,
  "narrow_eyes": 0.01971369981765747,
  "no_beard": 0.9008605480194092,
  "oval_face": 0.1701139211654663,
  "pale_skin": 0.010994553565979004,
  "pointy_nose": 0.03945881128311157,
  "receding_hairline": 0.10520666837692261,
  "rosy_cheeks": 0.0017521977424621582,
  "sideburns": 0.0037585198879241943,
  "smiling": 0.04040178656578064,
  "straight_hair": 0.11982163786888123,
  "wavy_hair": 0.016773521900177002,
  "wearing_earrings": 0.024788707494735718,
  "wearing_hat": 0.6390410661697388,
  "wearing_lipstick": 0.001369178295135498,
  "wearing_necklace": 0.009494036436080933,
  "wearing_necktie": 0.09466508030891418,
  "young": 0.4455784261226654
 },
 "emotion_estimated": "neutral",
 "emotion_proba": {
  "angry": 0.07296599447727203,
  "contempt": 0.14500220119953156,
  "disgust": 0.11402994394302368,
  "fear": 0.08713001757860184,
  "happy": 0.021069888025522232,
  "neutral": 0.31961724162101746,
  "sad": 0.19051587581634521,
  "surprise": 0.04966888204216957
 }
}