{
 "age_proba": {
  "0-8": 0.005470774602144957,
  "9-16": 0.06049006059765816,
  "17-24": 0.06892049312591553,
  "25-32": 0.21300384402275085,
  "33-40": 0.3951413333415985,
  "41-48": 0.21060378849506378,
  "49-56": 0.03366832435131073,
  "57-64": 0.007381161209195852,
  "65-72": 0.0032434354070574045,
  "73+": 0.002076898468658328
 },
 "age_estimated": 33,
 "sex_proba": {
  "male": 0.9632523655891418,
  "female": 0.0367475301027298
 },
 "race_proba": {
  "White": 0.014279074035584927,
  "Black": 0.010032128542661667,
  "Asian": 0.9189561605453491,
  "Indian": 0.047174930572509766,
  "Others(e.g. Hispanic, Latino, Arabic)": 0.009557634592056274
 },
 "attr_proba": {
  "5_o_clock_shadow": 0.11552116274833679,
  "arched_eyebrows": 0.07999226450920105,
  "attractive": 0.25539836287498474,
  "bags_under_eyes": 0.3356007933616638,
  "bald": 0.000684887170791626,
  "bangs": 0.29960721731185913,
  "big_lips": 0.13780272006988525,
  "big_nose": 0.4473932683467865,
  "black_hair": 0.7754101157188416,
  "blond_hair": 0.0019334852695465088,
  "blurry": 0.011263996362686157,
  "brown_hair": 0.048638224601745605,
  "bushy_eyebrows": 0.7035581469535828,
  "chubby": 0.06056034564971924,
  "double_chin": 0.010316073894500732,
  "eyeglasses": 0.002055943012237549,
  "goatee": 0.017911970615386963,
  "gray_hair": 0.0027084052562713623,
  "heavy_makeup": 0.002764075994491577,
  "high_cheekbones": 0.2277582585811615,
  "male": 0.9994106292724609,
  "mouth_slightly_open": 0.17018389701843262,
  "mustache": 0.045130372047424316,
  "narrow_eyes": 0.08717668056488037,
  "no_beard": 0.898818850517273,
  "oval_face": 0.13832911849021912,
  "pale_skin": 0.0026535093784332275,
  "pointy_nose": 0.07077065110206604,
  "receding_hairline": 0.007052958011627197,
  "rosy_cheeks": 0.00486341118812561,
  "sideburns": 0.008585512638092041,
  "smiling": 0.1227881908416748,
  "straight_hair": 0.4284844994544983,
  "wavy_hair": 0.15474137663841248,
  "wearing_earrings": 0.01629367470741272,
  "wearing_hat": 0.09048900008201599,
  "wearing_lipstick": 0.004535317420959473,
  "wearing_necklace": 0.013422518968582153,
  "wearing_necktie": 0.06325536966323853,
  "young": 0.8628996014595032
 },
 "emotion_estimated": "neutral",
 "emotion_proba": {
  "angry": 0.07938148081302643,
  "contempt": 0.13472652435302734,
  "disgust": 0.13577328622341156,
  "fear": 0.07685001194477081,
  "happy": 0.009533433243632317,
  "neutral": 0.37924835085868835,
  "sad": 0.06728769838809967,
  "surprise": 0.11719919741153717
 }
}